﻿{"cameraMode":{"drawMode":0,"name":"Shaded","section":"Shading Mode"},"sceneLighting":true,"audioPlay":false,"sceneViewState":{"showFog":false,"showMaterialUpdate":false,"showSkybox":false,"showFlares":false,"showImageEffects":false,"showParticleSystems":false},"in2DMode":false,"pivot":{"x":2.336941719055176,"y":0.3984360694885254,"z":1.2243175506591797},"rotation":{"x":-0.10549573600292206,"y":0.12199493497610092,"z":-0.013041811995208264,"w":-0.9868220686912537},"size":10.0,"orthographic":false}